<?xml version="1.0" encoding="UTF-8"?>
<beans xmlns="http://www.springframework.org/schema/beans"
	xmlns:xsi="http://www.w3.org/2001/XMLSchema-instance" xmlns:p="http://www.springframework.org/schema/p"
	xsi:schemaLocation="http://www.springframework.org/schema/beans http://www.springframework.org/schema/beans/spring-beans.xsd">
	
	<bean id="viewResolver"
		class="org.springframework.web.servlet.view.InternalResourceViewResolver"
		p:prefix="/WEB-INF/jsp/" p:suffix=".jsp" />
		
	<bean id="messageSource"
		class="org.springframework.context.support.ResourceBundleMessageSource"
		p:basename="messages" />
		
	<bean id="registrationFormValidator" class="com.validator.RegistrationFormValidator" />
	
	<bean id="myDataSource" class="org.springframework.jdbc.datasource.DriverManagerDataSource">
		<property name="driverClassName" value="com.mysql.jdbc.Driver"/>
		<property name="url" value="jdbc:mysql://localhost/test"/>
		<property name="username" value="root"/>
		<property name="password" value="dramil"/>
	</bean>
	
	<bean id="mySessionFactory"
		class="org.springframework.orm.hibernate3.annotation.AnnotationSessionFactoryBean">
		<property name="dataSource" ref="myDataSource" />
		<property name="annotatedClasses">
			<list>
				<value>com.model.Registration</value>
			</list>
		</property>
		<property name="hibernateProperties">
			<props>
				<prop key="hibernate.dialect">org.hibernate.dialect.MySQLDialect</prop>
				<prop key="hibernate.show_sql">true</prop>
				<prop key="hibernate.hbm2ddl.auto">create</prop>
			</props>
		</property>
	</bean>
	
	<bean id="registrationService" class="com.service.RegistrationServiceImpl">
		<property name="sessionFactory" ref="mySessionFactory" />
	</bean>
	
	<bean name="/registration.html" class="com.controller.RegistrationController"
		p:registrationService-ref="registrationService" p:formView="registration"
		p:successView="success" p:validator-ref="registrationFormValidator" />
	
</beans>